Kdex,Ndex,Pokémon,Type,,,,ポケモン名
1,1,Bulbasaur,Grass,Poison,Kanto,カント―,フシギダネ
2,2,Ivysaur,Grass,Poison,Kanto,カント―,フシギソウ
3,3,Venusaur,Grass,Poison,Kanto,カント―,フシギバナ
4,4,Charmander,Fire,,Kanto,カント―,ヒトカゲ
5,5,Charmeleon,Fire,,Kanto,カント―,リザード
6,6,Charizard,Fire,Flying,Kanto,カント―,リザードン
7,7,Squirtle,Water,,Kanto,カント―,ゼニガメ
8,8,Wartortle,Water,,Kanto,カント―,カメール
9,9,Blastoise,Water,,Kanto,カント―,カメックス
10,10,Caterpie,Bug,,Kanto,カント―,キャタピー
11,11,Metapod,Bug,,Kanto,カント―,トランセル
12,12,Butterfree,Bug,Flying,Kanto,カント―,バタフリー
13,13,Weedle,Bug,Poison,Kanto,カント―,ビードル
14,14,Kakuna,Bug,Poison,Kanto,カント―,コクーン
15,15,Beedrill,Bug,Poison,Kanto,カント―,スピアー
16,16,Pidgey,Normal,Flying,Kanto,カント―,ポッポ
17,17,Pidgeotto,Normal,Flying,Kanto,カント―,ピジョン
18,18,Pidgeot,Normal,Flying,Kanto,カント―,ピジョット
19,19,Rattata,Normal,,Kanto,カント―,コラッタ
20,20,Raticate,Normal,,Kanto,カント―,ラッタ
21,21,Spearow,Normal,Flying,Kanto,カント―,オニスズメ
22,22,Fearow,Normal,Flying,Kanto,カント―,オニドリル
23,23,Ekans,Poison,,Kanto,カント―,アーボ
24,24,Arbok,Poison,,Kanto,カント―,アーボック
25,25,Pikachu,Electric,,Kanto,カント―,ピカチュウ
26,26,Raichu,Electric,,Kanto,カント―,ライチュウ
27,27,Sandshrew,Ground,,Kanto,カント―,サンド
28,28,Sandslash,Ground,,Kanto,カント―,サンドパン
29,29,Nidoran♀,Poison,,Kanto,カント―,ニドラン♀
30,30,Nidorina,Poison,,Kanto,カント―,ニドリーナ
31,31,Nidoqueen,Poison,Ground,Kanto,カント―,ニドクイン
32,32,Nidoran♂,Poison,,Kanto,カント―,ニドラン♂
33,33,Nidorino,Poison,,Kanto,カント―,ニドリーノ
34,34,Nidoking,Poison,Ground,Kanto,カント―,ニドキング
35,35,Clefairy,Fairy,,Kanto,カント―,ピッピ
36,36,Clefable,Fairy,,Kanto,カント―,ピクシー
37,37,Vulpix,Fire,,Kanto,カント―,ロコン
38,38,Ninetales,Fire,,Kanto,カント―,キュウコン
39,39,Jigglypuff,Normal,Fairy,Kanto,カント―,プリン
40,40,Wigglytuff,Normal,Fairy,Kanto,カント―,プクリン
41,41,Zubat,Poison,Flying,Kanto,カント―,ズバット
42,42,Golbat,Poison,Flying,Kanto,カント―,ゴルバット
43,43,Oddish,Grass,Poison,Kanto,カント―,ナゾノクサ
44,44,Gloom,Grass,Poison,Kanto,カント―,クサイハナ
45,45,Vileplume,Grass,Poison,Kanto,カント―,ラフレシア
46,46,Paras,Bug,Grass,Kanto,カント―,パラス
47,47,Parasect,Bug,Grass,Kanto,カント―,パラセクト
48,48,Venonat,Bug,Poison,Kanto,カント―,コンパン
49,49,Venomoth,Bug,Poison,Kanto,カント―,モルフォン
50,50,Diglett,Ground,,Kanto,カント―,ディグダ
51,51,Dugtrio,Ground,,Kanto,カント―,ダグトリオ
52,52,Meowth,Normal,,Kanto,カント―,ニャース
53,53,Persian,Normal,,Kanto,カント―,ペルシアン
54,54,Psyduck,Water,,Kanto,カント―,コダック
55,55,Golduck,Water,,Kanto,カント―,ゴルダック
56,56,Mankey,Fighting,,Kanto,カント―,マンキー
57,57,Primeape,Fighting,,Kanto,カント―,オコリザル
58,58,Growlithe,Fire,,Kanto,カント―,ガーディ
59,59,Arcanine,Fire,,Kanto,カント―,ウインディ
60,60,Poliwag,Water,,Kanto,カント―,ニョロモ
61,61,Poliwhirl,Water,,Kanto,カント―,ニョロゾ
62,62,Poliwrath,Water,Fighting,Kanto,カント―,ニョロボン
63,63,Abra,Psychic,,Kanto,カント―,ケーシィ
64,64,Kadabra,Psychic,,Kanto,カント―,ユンゲラー
65,65,Alakazam,Psychic,,Kanto,カント―,フーディン
66,66,Machop,Fighting,,Kanto,カント―,ワンリキー
67,67,Machoke,Fighting,,Kanto,カント―,ゴーリキー
68,68,Machamp,Fighting,,Kanto,カント―,カイリキー
69,69,Bellsprout,Grass,Poison,Kanto,カント―,マダツボミ
70,70,Weepinbell,Grass,Poison,Kanto,カント―,ウツドン
71,71,Victreebel,Grass,Poison,Kanto,カント―,ウツボット
72,72,Tentacool,Water,Poison,Kanto,カント―,メノクラゲ
73,73,Tentacruel,Water,Poison,Kanto,カント―,ドククラゲ
74,74,Geodude,Rock,Ground,Kanto,カント―,イシツブテ
75,75,Graveler,Rock,Ground,Kanto,カント―,ゴローン
76,76,Golem,Rock,Ground,Kanto,カント―,ゴローニャ
77,77,Ponyta,Fire,,Kanto,カント―,ポニータ
78,78,Rapidash,Fire,,Kanto,カント―,ギャロップ
79,79,Slowpoke,Water,Psychic,Kanto,カント―,ヤドン
80,80,Slowbro,Water,Psychic,Kanto,カント―,ヤドラン
81,81,Magnemite,Electric,Steel,Kanto,カント―,コイル
82,82,Magneton,Electric,Steel,Kanto,カント―,レアコイル
83,83,Farfetch'd,Normal,Flying,Kanto,カント―,カモネギ
84,84,Doduo,Normal,Flying,Kanto,カント―,ドードー
85,85,Dodrio,Normal,Flying,Kanto,カント―,ドードリオ
86,86,Seel,Water,,Kanto,カント―,パウワウ
87,87,Dewgong,Water,Ice,Kanto,カント―,ジュゴン
88,88,Grimer,Poison,,Kanto,カント―,ベトベター
89,89,Muk,Poison,,Kanto,カント―,ベトベトン
90,90,Shellder,Water,,Kanto,カント―,シェルダー
91,91,Cloyster,Water,Ice,Kanto,カント―,パルシェン
92,92,Gastly,Ghost,Poison,Kanto,カント―,ゴース
93,93,Haunter,Ghost,Poison,Kanto,カント―,ゴースト
94,94,Gengar,Ghost,Poison,Kanto,カント―,ゲンガー
95,95,Onix,Rock,Ground,Kanto,カント―,イワーク
96,96,Drowzee,Psychic,,Kanto,カント―,スリープ
97,97,Hypno,Psychic,,Kanto,カント―,スリーパー　
98,98,Krabby,Water,,Kanto,カント―,クラブ
99,99,Kingler,Water,,Kanto,カント―,キングラー
100,100,Voltorb,Electric,,Kanto,カント―,ビリリダマ
101,101,Electrode,Electric,,Kanto,カント―,マルマイン
102,102,Exeggcute,Grass,Psychic,Kanto,カント―,タマタマ
103,103,Exeggutor,Grass,Psychic,Kanto,カント―,ナッシー
104,104,Cubone,Ground,,Kanto,カント―,カラカラ
105,105,Marowak,Ground,,Kanto,カント―,ガラガラ
106,106,Hitmonlee,Fighting,,Kanto,カント―,サワムラー
107,107,Hitmonchan,Fighting,,Kanto,カント―,エビワラー
108,108,Lickitung,Normal,,Kanto,カント―,ベロリンガ
109,109,Koffing,Poison,,Kanto,カント―,ドガース
110,110,Weezing,Poison,,Kanto,カント―,マタドガス
111,111,Rhyhorn,Ground,Rock,Kanto,カント―,サイホーン
112,112,Rhydon,Ground,Rock,Kanto,カント―,サイドン
113,113,Chansey,Normal,,Kanto,カント―,ラッキー
114,114,Tangela,Grass,,Kanto,カント―,モンジャラ
115,115,Kangaskhan,Normal,,Kanto,カント―,ガルーラ
116,116,Horsea,Water,,Kanto,カント―,タッツー
117,117,Seadra,Water,,Kanto,カント―,シードラ
118,118,Goldeen,Water,,Kanto,カント―,トサキント
119,119,Seaking,Water,,Kanto,カント―,アズマオウ
120,120,Staryu,Water,,Kanto,カント―,ヒトデマン
121,121,Starmie,Water,Psychic,Kanto,カント―,スターミー
122,122,Mr. Mime,Psychic,Fairy,Kanto,カント―,バリヤード
123,123,Scyther,Bug,Flying,Kanto,カント―,ストライク
124,124,Jynx,Ice,Psychic,Kanto,カント―,ルージュラ
125,125,Electabuzz,Electric,,Kanto,カント―,エレブー
126,126,Magmar,Fire,,Kanto,カント―,ブーバー
127,127,Pinsir,Bug,,Kanto,カント―,カイロス
128,128,Tauros,Normal,,Kanto,カント―,ケンタロス
129,129,Magikarp,Water,,Kanto,カント―,コイキング
130,130,Gyarados,Water,Flying,Kanto,カント―,ギャラドス
131,131,Lapras,Water,Ice,Kanto,カント―,ラプラス
132,132,Ditto,Normal,,Kanto,カント―,メタモン
133,133,Eevee,Normal,,Kanto,カント―,イーブイ
134,134,Vaporeon,Water,,Kanto,カント―,シャワーズ
135,135,Jolteon,Electric,,Kanto,カント―,サンダース
136,136,Flareon,Fire,,Kanto,カント―,ブースター
137,137,Porygon,Normal,,Kanto,カント―,ポリゴン
138,138,Omanyte,Rock,Water,Kanto,カント―,オムナイト
139,139,Omastar,Rock,Water,Kanto,カント―,オムスター
140,140,Kabuto,Rock,Water,Kanto,カント―,カブト
141,141,Kabutops,Rock,Water,Kanto,カント―,カブトプス
142,142,Aerodactyl,Rock,Flying,Kanto,カント―,プテラ
143,143,Snorlax,Normal,,Kanto,カント―,カビゴン
144,144,Articuno,Ice,Flying,Kanto,カント―,フリーザー
145,145,Zapdos,Electric,Flying,Kanto,カント―,サンダー
146,146,Moltres,Fire,Flying,Kanto,カント―,ファイヤー
147,147,Dratini,Dragon,,Kanto,カント―,ミニリュウ
148,148,Dragonair,Dragon,,Kanto,カント―,ハクリュー
149,149,Dragonite,Dragon,Flying,Kanto,カント―,カイリュー
150,150,Mewtwo,Psychic,,Kanto,カント―,ミュウツー
151,151,Mew,Psychic,,Kanto,カント―,ミュウ
1,152,Chikorita,Grass,,Johto,ジョウト,チコリータ
2,153,Bayleef,Grass,,Johto,ジョウト,ベイリーフ
3,154,Meganium,Grass,,Johto,ジョウト,メガニウム
4,155,Cyndaquil,Fire,,Johto,ジョウト,ヒノアラシ
5,156,Quilava,Fire,,Johto,ジョウト,マグマラシ
6,157,Typhlosion,Fire,,Johto,ジョウト,バクフーン
7,158,Totodile,Water,,Johto,ジョウト,ワニノコ
8,159,Croconaw,Water,,Johto,ジョウト,アリゲイツ
9,160,Feraligatr,Water,,Johto,ジョウト,オーダイル
19,161,Sentret,Normal,,Johto,ジョウト,オタチ
20,162,Furret,Normal,,Johto,ジョウト,オオタチ
15,163,Hoothoot,Normal,Flying,Johto,ジョウト,ホーホー
16,164,Noctowl,Normal,Flying,Johto,ジョウト,ヨルノズク
30,165,Ledyba,Bug,Flying,Johto,ジョウト,レディバ
31,166,Ledian,Bug,Flying,Johto,ジョウト,レディアン
32,167,Spinarak,Bug,Poison,Johto,ジョウト,イトマル
33,168,Ariados,Bug,Poison,Johto,ジョウト,アリアドス
39,169,Crobat,Poison,Flying,Johto,ジョウト,クロバット
176,170,Chinchou,Water,Electric,Johto,ジョウト,チョンチー
177,171,Lanturn,Water,Electric,Johto,ジョウト,ランターン
21,172,Pichu,Electric,,Johto,ジョウト,ピチュー
40,173,Cleffa,Fairy,,Johto,ジョウト,ピィ
44,174,Igglybuff,Normal,Fairy,Johto,ジョウト,ププリン
46,175,Togepi,Fairy,,Johto,ジョウト,トゲピー
47,176,Togetic,Fairy,Flying,Johto,ジョウト,トゲチック
161,177,Natu,Psychic,Flying,Johto,ジョウト,ネイティ
162,178,Xatu,Psychic,Flying,Johto,ジョウト,ネイティオ
53,179,Mareep,Electric,,Johto,ジョウト,メリープ
54,180,Flaaffy,Electric,,Johto,ジョウト,モココ
55,181,Ampharos,Electric,,Johto,ジョウト,デンリュウ
86,182,Bellossom,Grass,,Johto,ジョウト,キレイハナ
132,183,Marill,Water,Fairy,Johto,ジョウト,マリル
133,184,Azumarill,Water,Fairy,Johto,ジョウト,マリルリ
107,185,Sudowoodo,Rock,,Johto,ジョウト,ウソッキー
75,186,Politoed,Water,,Johto,ジョウト,ニョロトノ
67,187,Hoppip,Grass,Flying,Johto,ジョウト,ハネッコ
68,188,Skiploom,Grass,Flying,Johto,ジョウト,ポポッコ
69,189,Jumpluff,Grass,Flying,Johto,ジョウト,ワタッコ
123,190,Aipom,Normal,,Johto,ジョウト,エイパム
103,191,Sunkern,Grass,,Johto,ジョウト,ヒマナッツ
104,192,Sunflora,Grass,,Johto,ジョウト,キマワリ
101,193,Yanma,Bug,Flying,Johto,ジョウト,ヤンヤンマ
56,194,Wooper,Water,Ground,Johto,ジョウト,ウパー
57,195,Quagsire,Water,Ground,Johto,ジョウト,ヌオー
188,196,Espeon,Psychic,,Johto,ジョウト,エーフィ
189,197,Umbreon,Dark,,Johto,ジョウト,ブラッキー
213,198,Murkrow,Dark,Flying,Johto,ジョウト,ヤミカラス
82,199,Slowking,Water,Psychic,Johto,ジョウト,ヤドキング
219,200,Misdreavus,Ghost,,Johto,ジョウト,ムウマ
61,201,Unown,Psychic,,Johto,ジョウト,アンノーン
108,202,Wobbuffet,Psychic,,Johto,ジョウト,ソーナンス
149,203,Girafarig,Normal,Psychic,Johto,ジョウト,キリンリキ
93,204,Pineco,Bug,,Johto,ジョウト,クヌギダマ
94,205,Forretress,Bug,Steel,Johto,ジョウト,フォレトス
52,206,Dunsparce,Normal,,Johto,ジョウト,ノコッチ
193,207,Gligar,Ground,Flying,Johto,ジョウト,グライガー
63,208,Steelix,Steel,Ground,Johto,ジョウト,ハガネール
125,209,Snubbull,Fairy,,Johto,ジョウト,ブルー
126,210,Granbull,Fairy,,Johto,ジョウト,グランブル
163,211,Qwilfish,Water,Poison,Johto,ジョウト,ハリーセン
112,212,Scizor,Bug,Steel,Johto,ジョウト,ハッサム
168,213,Shuckle,Bug,Rock,Johto,ジョウト,ツボツボ
114,214,Heracross,Bug,Fighting,Johto,ジョウト,ヘラクロス
218,215,Sneasel,Dark,Ice,Johto,ジョウト,ニューラ
198,216,Teddiursa,Normal,,Johto,ジョウト,ヒメグマ
199,217,Ursaring,Normal,,Johto,ジョウト,リングマ
216,218,Slugma,Fire,,Johto,ジョウト,マグマッグ
217,219,Magcargo,Fire,Rock,Johto,ジョウト,マグカルゴ
195,220,Swinub,Ice,Ground,Johto,ジョウト,ウリムー
196,221,Piloswine,Ice,Ground,Johto,ジョウト,イノムー
173,222,Corsola,Water,Rock,Johto,ジョウト,サニーゴ
174,223,Remoraid,Water,,Johto,ジョウト,テッポウオ
175,224,Octillery,Water,,Johto,ジョウト,オクタン
194,225,Delibird,Ice,Flying,Johto,ジョウト,デリバード
202,226,Mantine,Water,Flying,Johto,ジョウト,マンタイン
203,227,Skarmory,Steel,Flying,Johto,ジョウト,エアームド
214,228,Houndour,Dark,Fire,Johto,ジョウト,デルビル
215,229,Houndoom,Dark,Fire,Johto,ジョウト,ヘルガー
192,230,Kingdra,Water,Dragon,Johto,ジョウト,キングドラ
200,231,Phanpy,Ground,,Johto,ジョウト,ゴマゾウ
201,232,Donphan,Ground,,Johto,ジョウト,ドンファン
221,233,Porygon2,Normal,,Johto,ジョウト,ポリゴン２
131,234,Stantler,Normal,,Johto,ジョウト,オドシシ
159,235,Smeargle,Normal,,Johto,ジョウト,ドーブル
145,236,Tyrogue,Fighting,,Johto,ジョウト,バルキー
148,237,Hitmontop,Fighting,,Johto,ジョウト,カポエラー
154,238,Smoochum,Ice,Psychic,Johto,ジョウト,ムチュール
156,239,Elekid,Electric,,Johto,ジョウト,エレキッド
152,240,Magby,Fire,,Johto,ジョウト,ブビィ
151,241,Miltank,Normal,,Johto,ジョウト,ミルタンク
223,242,Blissey,Normal,,Johto,ジョウト,ハピナス
243,243,Raikou,Electric,,Johto,ジョウト,ライコウ
244,244,Entei,Fire,,Johto,ジョウト,エンテイ
245,245,Suicune,Water,,Johto,ジョウト,スイクン
249,246,Larvitar,Rock,Ground,Johto,ジョウト,ヨーギラス
250,247,Pupitar,Rock,Ground,Johto,ジョウト,サナギラス
251,248,Tyranitar,Rock,Dark,Johto,ジョウト,バンギラス
252,249,Lugia,Psychic,Flying,Johto,ジョウト,ルギア
253,250,Ho-Oh,Fire,Flying,Johto,ジョウト,ホウオウ
256,251,Celebi,Psychic,Grass,Johto,ジョウト,セレビィ
1,252,Treecko,Grass,,Hoenn,ホウエン,キモリ
2,253,Grovyle,Grass,,Hoenn,ホウエン,ジュプトル
3,254,Sceptile,Grass,,Hoenn,ホウエン,ジュカイン
4,255,Torchic,Fire,,Hoenn,ホウエン,アチャモ
5,256,Combusken,Fire,Fighting,Hoenn,ホウエン,ワカシャモ
6,257,Blaziken,Fire,Fighting,Hoenn,ホウエン,バシャーモ
7,258,Mudkip,Water,,Hoenn,ホウエン,ミズゴロウ
8,259,Marshtomp,Water,Ground,Hoenn,ホウエン,ヌマクロー
9,260,Swampert,Water,Ground,Hoenn,ホウエン,ラグラージ
10,261,Poochyena,Dark,,Hoenn,ホウエン,ポチエナ
11,262,Mightyena,Dark,,Hoenn,ホウエン,グラエナ
12,263,Zigzagoon,Normal,,Hoenn,ホウエン,ジグザグマ
13,264,Linoone,Normal,,Hoenn,ホウエン,マッスグマ
14,265,Wurmple,Bug,,Hoenn,ホウエン,ケムッソ
15,266,Silcoon,Bug,,Hoenn,ホウエン,カラサリス
16,267,Beautifly,Bug,Flying,Hoenn,ホウエン,アゲハント
17,268,Cascoon,Bug,,Hoenn,ホウエン,マユルド
18,269,Dustox,Bug,Poison,Hoenn,ホウエン,ドクケイル
19,270,Lotad,Water,Grass,Hoenn,ホウエン,ハスボー
20,271,Lombre,Water,Grass,Hoenn,ホウエン,ハスブレロ
21,272,Ludicolo,Water,Grass,Hoenn,ホウエン,ルンパッパ
22,273,Seedot,Grass,,Hoenn,ホウエン,タネボー
23,274,Nuzleaf,Grass,Dark,Hoenn,ホウエン,コノハナ
24,275,Shiftry,Grass,Dark,Hoenn,ホウエン,ダーテング
25,276,Taillow,Normal,Flying,Hoenn,ホウエン,スバメ
26,277,Swellow,Normal,Flying,Hoenn,ホウエン,オオスバメ
27,278,Wingull,Water,Flying,Hoenn,ホウエン,キャモメ
28,279,Pelipper,Water,Flying,Hoenn,ホウエン,ペリッパー
29,280,Ralts,Psychic,Fairy,Hoenn,ホウエン,ラルトス
30,281,Kirlia,Psychic,Fairy,Hoenn,ホウエン,キルリア
31,282,Gardevoir,Psychic,Fairy,Hoenn,ホウエン,サーナイト
32,283,Surskit,Bug,Water,Hoenn,ホウエン,アメタマ
33,284,Masquerain,Bug,Flying,Hoenn,ホウエン,アメモース
34,285,Shroomish,Grass,,Hoenn,ホウエン,キノココ
35,286,Breloom,Grass,Fighting,Hoenn,ホウエン,キノガッサ
36,287,Slakoth,Normal,,Hoenn,ホウエン,ナマケロ
37,288,Vigoroth,Normal,,Hoenn,ホウエン,ヤルキモノ
38,289,Slaking,Normal,,Hoenn,ホウエン,ケッキング
42,290,Nincada,Bug,Ground,Hoenn,ホウエン,ツチニン
43,291,Ninjask,Bug,Flying,Hoenn,ホウエン,テッカニン
44,292,Shedinja,Bug,Ghost,Hoenn,ホウエン,ヌケニン
45,293,Whismur,Normal,,Hoenn,ホウエン,ゴニョニョ
46,294,Loudred,Normal,,Hoenn,ホウエン,ドゴーム
47,295,Exploud,Normal,,Hoenn,ホウエン,バクオング
48,296,Makuhita,Fighting,,Hoenn,ホウエン,マクノシタ
49,297,Hariyama,Fighting,,Hoenn,ホウエン,ハリテヤマ
54,298,Azurill,Normal,Fairy,Hoenn,ホウエン,ルリリ
60,299,Nosepass,Rock,,Hoenn,ホウエン,ノズパス
61,300,Skitty,Normal,,Hoenn,ホウエン,エネコ
62,301,Delcatty,Normal,,Hoenn,ホウエン,エネコロロ
68,302,Sableye,Dark,Ghost,Hoenn,ホウエン,ヤミラミ
69,303,Mawile,Steel,Fairy,Hoenn,ホウエン,クチート
70,304,Aron,Steel,Rock,Hoenn,ホウエン,ココドラ
71,305,Lairon,Steel,Rock,Hoenn,ホウエン,コドラ
72,306,Aggron,Steel,Rock,Hoenn,ホウエン,ボスゴドラ
76,307,Meditite,Fighting,Psychic,Hoenn,ホウエン,アサナン
77,308,Medicham,Fighting,Psychic,Hoenn,ホウエン,チャーレム
78,309,Electrike,Electric,,Hoenn,ホウエン,ラクライ
79,310,Manectric,Electric,,Hoenn,ホウエン,ライボルト
80,311,Plusle,Electric,,Hoenn,ホウエン,プラスル
81,312,Minun,Electric,,Hoenn,ホウエン,マイナン
86,313,Volbeat,Bug,,Hoenn,ホウエン,バルビート
87,314,Illumise,Bug,,Hoenn,ホウエン,イルミーゼ
94,315,Roselia,Grass,Poison,Hoenn,ホウエン,ロゼリア
95,316,Gulpin,Poison,,Hoenn,ホウエン,ゴクリン
96,317,Swalot,Poison,,Hoenn,ホウエン,マルノーム
97,318,Carvanha,Water,Dark,Hoenn,ホウエン,キバニア
98,319,Sharpedo,Water,Dark,Hoenn,ホウエン,サメハダー
99,320,Wailmer,Water,,Hoenn,ホウエン,ホエルコ
100,321,Wailord,Water,,Hoenn,ホウエン,ホエルオー
101,322,Numel,Fire,Ground,Hoenn,ホウエン,ドンメル
102,323,Camerupt,Fire,Ground,Hoenn,ホウエン,バクーダ
105,324,Torkoal,Fire,,Hoenn,ホウエン,コータス
110,325,Spoink,Psychic,,Hoenn,ホウエン,バネブー
111,326,Grumpig,Psychic,,Hoenn,ホウエン,ブーピッグ
114,327,Spinda,Normal,,Hoenn,ホウエン,パッチール
116,328,Trapinch,Ground,,Hoenn,ホウエン,ナックラー
117,329,Vibrava,Ground,Dragon,Hoenn,ホウエン,ビブラーバ
118,330,Flygon,Ground,Dragon,Hoenn,ホウエン,フライゴン
119,331,Cacnea,Grass,,Hoenn,ホウエン,サボネア
120,332,Cacturne,Grass,Dark,Hoenn,ホウエン,ノクタス
121,333,Swablu,Normal,Flying,Hoenn,ホウエン,チルット
122,334,Altaria,Dragon,Flying,Hoenn,ホウエン,チルタリス
123,335,Zangoose,Normal,,Hoenn,ホウエン,ザングース
124,336,Seviper,Poison,,Hoenn,ホウエン,ハブネーク
125,337,Lunatone,Rock,Psychic,Hoenn,ホウエン,ルナトーン
126,338,Solrock,Rock,Psychic,Hoenn,ホウエン,ソルロック
127,339,Barboach,Water,Ground,Hoenn,ホウエン,ドジョッチ
128,340,Whiscash,Water,Ground,Hoenn,ホウエン,ナマズン
129,341,Corphish,Water,,Hoenn,ホウエン,ヘイガニ
130,342,Crawdaunt,Water,Dark,Hoenn,ホウエン,シザリガー
131,343,Baltoy,Ground,Psychic,Hoenn,ホウエン,ヤジロン
132,344,Claydol,Ground,Psychic,Hoenn,ホウエン,ネンドール
133,345,Lileep,Rock,Grass,Hoenn,ホウエン,リリーラ
134,346,Cradily,Rock,Grass,Hoenn,ホウエン,ユレイドル
135,347,Anorith,Rock,Bug,Hoenn,ホウエン,アノプス
136,348,Armaldo,Rock,Bug,Hoenn,ホウエン,アーマルド
140,349,Feebas,Water,,Hoenn,ホウエン,ヒンバス
141,350,Milotic,Water,,Hoenn,ホウエン,ミロカロス
142,351,Castform,Normal,,Hoenn,ホウエン,ポワルン
145,352,Kecleon,Normal,,Hoenn,ホウエン,カクレオン
146,353,Shuppet,Ghost,,Hoenn,ホウエン,カゲボウズ
147,354,Banette,Ghost,,Hoenn,ホウエン,ジュペッタ
148,355,Duskull,Ghost,,Hoenn,ホウエン,ヨマワル
149,356,Dusclops,Ghost,,Hoenn,ホウエン,サマヨール
150,357,Tropius,Grass,Flying,Hoenn,ホウエン,トロピウス
151,358,Chimecho,Psychic,,Hoenn,ホウエン,チリーン
152,359,Absol,Dark,,Hoenn,ホウエン,アブソル
160,360,Wynaut,Psychic,,Hoenn,ホウエン,ソーナノ
171,361,Snorunt,Ice,,Hoenn,ホウエン,ユキワラシ
172,362,Glalie,Ice,,Hoenn,ホウエン,オニゴーリ
173,363,Spheal,Ice,Water,Hoenn,ホウエン,タマザラシ
174,364,Sealeo,Ice,Water,Hoenn,ホウエン,トドグラー
175,365,Walrein,Ice,Water,Hoenn,ホウエン,トドゼルガ
176,366,Clamperl,Water,,Hoenn,ホウエン,パールル
177,367,Huntail,Water,,Hoenn,ホウエン,ハンテール
178,368,Gorebyss,Water,,Hoenn,ホウエン,サクラビス
179,369,Relicanth,Water,Rock,Hoenn,ホウエン,ジーランス
183,370,Luvdisc,Water,,Hoenn,ホウエン,ラブカス
187,371,Bagon,Dragon,,Hoenn,ホウエン,タツベイ
188,372,Shelgon,Dragon,,Hoenn,ホウエン,コモルー
189,373,Salamence,Dragon,Flying,Hoenn,ホウエン,ボーマンダ
190,374,Beldum,Steel,Psychic,Hoenn,ホウエン,ダンバル
191,375,Metang,Steel,Psychic,Hoenn,ホウエン,メタング
192,376,Metagross,Steel,Psychic,Hoenn,ホウエン,メタグロス
193,377,Regirock,Rock,,Hoenn,ホウエン,レジロック
194,378,Regice,Ice,,Hoenn,ホウエン,レジアイス
195,379,Registeel,Steel,,Hoenn,ホウエン,レジスチル
196,380,Latias,Dragon,Psychic,Hoenn,ホウエン,ラティアス
197,381,Latios,Dragon,Psychic,Hoenn,ホウエン,ラティオス
198,382,Kyogre,Water,,Hoenn,ホウエン,カイオーガ
199,383,Groudon,Ground,,Hoenn,ホウエン,グラードン
200,384,Rayquaza,Dragon,Flying,Hoenn,ホウエン,レックウザ
201,385,Jirachi,Steel,Psychic,Hoenn,ホウエン,ジラーチ
202,386,Deoxys,Psychic,,Hoenn,ホウエン,デオキシス
1,387,Turtwig,Grass,,Sinnoh,シンオウ,ナエトル
2,388,Grotle,Grass,,Sinnoh,シンオウ,ハヤシガメ
3,389,Torterra,Grass,Ground,Sinnoh,シンオウ,ドダイトス
4,390,Chimchar,Fire,,Sinnoh,シンオウ,ヒコザル
5,391,Monferno,Fire,Fighting,Sinnoh,シンオウ,モウカザル
6,392,Infernape,Fire,Fighting,Sinnoh,シンオウ,ゴウカザル
7,393,Piplup,Water,,Sinnoh,シンオウ,ポッチャマ
8,394,Prinplup,Water,,Sinnoh,シンオウ,ポッタイシ
9,395,Empoleon,Water,Steel,Sinnoh,シンオウ,エンペルト
10,396,Starly,Normal,Flying,Sinnoh,シンオウ,ムックル
11,397,Staravia,Normal,Flying,Sinnoh,シンオウ,ムクバード
12,398,Staraptor,Normal,Flying,Sinnoh,シンオウ,ムクホーク
13,399,Bidoof,Normal,,Sinnoh,シンオウ,ビッパ
14,400,Bibarel,Normal,Water,Sinnoh,シンオウ,ビーダル
15,401,Kricketot,Bug,,Sinnoh,シンオウ,コロボーシ
16,402,Kricketune,Bug,,Sinnoh,シンオウ,コロトック
17,403,Shinx,Electric,,Sinnoh,シンオウ,コリンク
18,404,Luxio,Electric,,Sinnoh,シンオウ,ルクシオ
19,405,Luxray,Electric,,Sinnoh,シンオウ,レントラー
25,406,Budew,Grass,Poison,Sinnoh,シンオウ,スボミー
27,407,Roserade,Grass,Poison,Sinnoh,シンオウ,ロズレイド
36,408,Cranidos,Rock,,Sinnoh,シンオウ,ズガイドス
37,409,Rampardos,Rock,,Sinnoh,シンオウ,ラムパルド
38,410,Shieldon,Rock,Steel,Sinnoh,シンオウ,タテトプス
39,411,Bastiodon,Rock,Steel,Sinnoh,シンオウ,トリデプス
45,412,Burmy,Bug,,Sinnoh,シンオウ,ミノムッチ
46,413,Wormadam,Bug,Grass,Sinnoh,シンオウ,ミノマダム
47,414,Mothim,Bug,Flying,Sinnoh,シンオウ,ガーメイル
53,415,Combee,Bug,Flying,Sinnoh,シンオウ,ミツハニー
54,416,Vespiquen,Bug,Flying,Sinnoh,シンオウ,ビークイン
55,417,Pachirisu,Electric,,Sinnoh,シンオウ,パチリス
56,418,Buizel,Water,,Sinnoh,シンオウ,ブイゼル
57,419,Floatzel,Water,,Sinnoh,シンオウ,フローゼル
58,420,Cherubi,Grass,,Sinnoh,シンオウ,チェリンボ
59,421,Cherrim,Grass,,Sinnoh,シンオウ,チェリム
60,422,Shellos,Water,,Sinnoh,シンオウ,カラナクシ
61,423,Gastrodon,Water,Ground,Sinnoh,シンオウ,トリトドン
64,424,Ambipom,Normal,,Sinnoh,シンオウ,エテボース
65,425,Drifloon,Ghost,Flying,Sinnoh,シンオウ,フワンテ
66,426,Drifblim,Ghost,Flying,Sinnoh,シンオウ,フワライド
67,427,Buneary,Normal,,Sinnoh,シンオウ,ミミロル
68,428,Lopunny,Normal,,Sinnoh,シンオウ,ミミロップ
73,429,Mismagius,Ghost,,Sinnoh,シンオウ,ムウマージ
75,430,Honchkrow,Dark,Flying,Sinnoh,シンオウ,ドンカラス
76,431,Glameow,Normal,,Sinnoh,シンオウ,ニャルマー
77,432,Purugly,Normal,,Sinnoh,シンオウ,ブニャット
82,433,Chingling,Psychic,,Sinnoh,シンオウ,リーシャン
84,434,Stunky,Poison,Dark,Sinnoh,シンオウ,スカンプー
85,435,Skuntank,Poison,Dark,Sinnoh,シンオウ,スカタンク
88,436,Bronzor,Steel,Psychic,Sinnoh,シンオウ,ドーミラー
89,437,Bronzong,Steel,Psychic,Sinnoh,シンオウ,ドータクン
92,438,Bonsly,Rock,,Sinnoh,シンオウ,ウソハチ
94,439,Mime Jr.,Psychic,Fairy,Sinnoh,シンオウ,マネネ
96,440,Happiny,Normal,,Sinnoh,シンオウ,ピンプク
102,441,Chatot,Normal,Flying,Sinnoh,シンオウ,ペラップ
108,442,Spiritomb,Ghost,Dark,Sinnoh,シンオウ,ミカルゲ
109,443,Gible,Dragon,Ground,Sinnoh,シンオウ,フカマル
110,444,Gabite,Dragon,Ground,Sinnoh,シンオウ,ガバイト
111,445,Garchomp,Dragon,Ground,Sinnoh,シンオウ,ガブリアス
112,446,Munchlax,Normal,,Sinnoh,シンオウ,ゴンベ
115,447,Riolu,Fighting,,Sinnoh,シンオウ,リオル
116,448,Lucario,Fighting,Steel,Sinnoh,シンオウ,ルカリオ
122,449,Hippopotas,Ground,,Sinnoh,シンオウ,ヒポポタス
123,450,Hippowdon,Ground,,Sinnoh,シンオウ,カバルドン
127,451,Skorupi,Poison,Bug,Sinnoh,シンオウ,スコルピ
128,452,Drapion,Poison,Dark,Sinnoh,シンオウ,ドラピオン
129,453,Croagunk,Poison,Fighting,Sinnoh,シンオウ,グレッグル
130,454,Toxicroak,Poison,Fighting,Sinnoh,シンオウ,ドクロッグ
131,455,Carnivine,Grass,,Sinnoh,シンオウ,マスキッパ
134,456,Finneon,Water,,Sinnoh,シンオウ,ケイコウオ
135,457,Lumineon,Water,,Sinnoh,シンオウ,ネオラント
140,458,Mantyke,Water,Flying,Sinnoh,シンオウ,タマンタ
142,459,Snover,Grass,Ice,Sinnoh,シンオウ,ユキカブリ
143,460,Abomasnow,Grass,Ice,Sinnoh,シンオウ,ユキノオー
145,461,Weavile,Dark,Ice,Sinnoh,シンオウ,マニューラ
180,462,Magnezone,Electric,Steel,Sinnoh,シンオウ,ジバコイル
162,463,Lickilicky,Normal,,Sinnoh,シンオウ,ベロベルト
188,464,Rhyperior,Ground,Rock,Sinnoh,シンオウ,ドサイドン
182,465,Tangrowth,Grass,,Sinnoh,シンオウ,モジャンボ
199,466,Electivire,Electric,,Sinnoh,シンオウ,エレキブル
202,467,Magmortar,Fire,,Sinnoh,シンオウ,ブーバーン
175,468,Togekiss,Fairy,Flying,Sinnoh,シンオウ,トゲキッス
184,469,Yanmega,Bug,Flying,Sinnoh,シンオウ,メガヤンマ
169,470,Leafeon,Grass,,Sinnoh,シンオウ,リーフィア
170,471,Glaceon,Ice,,Sinnoh,シンオウ,グレイシア
154,472,Gliscor,Ground,Flying,Sinnoh,シンオウ,グライオン
205,473,Mamoswine,Ice,Ground,Sinnoh,シンオウ,マンムー
194,474,Porygon-Z,Normal,,Sinnoh,シンオウ,ポリゴンＺ
160,475,Gallade,Psychic,Fighting,Sinnoh,シンオウ,エルレイド
156,476,Probopass,Rock,Steel,Sinnoh,シンオウ,ダイノーズ
191,477,Dusknoir,Ghost,,Sinnoh,シンオウ,ヨノワール
208,478,Froslass,Ice,Ghost,Sinnoh,シンオウ,ユキメノコ
152,479,Rotom,Electric,Ghost,Sinnoh,シンオウ,ロトム
146,480,Uxie,Psychic,,Sinnoh,シンオウ,ユクシー
147,481,Mesprit,Psychic,,Sinnoh,シンオウ,エムリット
148,482,Azelf,Psychic,,Sinnoh,シンオウ,アグノム
149,483,Dialga,Steel,Dragon,Sinnoh,シンオウ,ディアルガ
150,484,Palkia,Water,Dragon,Sinnoh,シンオウ,パルキア
,485,Heatran,Fire,Steel,Sinnoh,シンオウ,ヒードラン
,486,Regigigas,Normal,,Sinnoh,シンオウ,レジギガス
210,487,Giratina,Ghost,Dragon,Sinnoh,シンオウ,ギラティナA
,488,Cresselia,Psychic,,Sinnoh,シンオウ,クレセリア
,489,Phione,Water,,Sinnoh,シンオウ,フィオネ
151,490,Manaphy,Water,,Sinnoh,シンオウ,マナフィ
,491,Darkrai,Dark,,Sinnoh,シンオウ,ダークライ
,492,Shaymin,Grass,,Sinnoh,シンオウ,シェイミL
,493,Arceus,Normal,,Sinnoh,シンオウ,アルセウス
0,494,Victini,Psychic,Fire,Unova,イッシュ,ビクティニ
1,495,Snivy,Grass,,Unova,イッシュ,ツタージャ
2,496,Servine,Grass,,Unova,イッシュ,ジャノビー
3,497,Serperior,Grass,,Unova,イッシュ,ジャローダ
4,498,Tepig,Fire,,Unova,イッシュ,ポカブ
5,499,Pignite,Fire,Fighting,Unova,イッシュ,チャオブー
6,500,Emboar,Fire,Fighting,Unova,イッシュ,エンブオー
7,501,Oshawott,Water,,Unova,イッシュ,ミジュマル
8,502,Dewott,Water,,Unova,イッシュ,フタチマル
9,503,Samurott,Water,,Unova,イッシュ,ダイケンキ
10,504,Patrat,Normal,,Unova,イッシュ,ミネズミ
11,505,Watchog,Normal,,Unova,イッシュ,ミルホッグ
12,506,Lillipup,Normal,,Unova,イッシュ,ヨーテリー
13,507,Herdier,Normal,,Unova,イッシュ,ハーデリア
14,508,Stoutland,Normal,,Unova,イッシュ,ムーランド
15,509,Purrloin,Dark,,Unova,イッシュ,チョロネコ
16,510,Liepard,Dark,,Unova,イッシュ,レパルダス
17,511,Pansage,Grass,,Unova,イッシュ,ヤナップ
18,512,Simisage,Grass,,Unova,イッシュ,ヤナッキー
19,513,Pansear,Fire,,Unova,イッシュ,バオップ
20,514,Simisear,Fire,,Unova,イッシュ,バオッキー
21,515,Panpour,Water,,Unova,イッシュ,ヒヤップ
22,516,Simipour,Water,,Unova,イッシュ,ヒヤッキー
23,517,Munna,Psychic,,Unova,イッシュ,ムンナ
24,518,Musharna,Psychic,,Unova,イッシュ,ムシャーナ
25,519,Pidove,Normal,Flying,Unova,イッシュ,マメパト
26,520,Tranquill,Normal,Flying,Unova,イッシュ,ハトーボー
27,521,Unfezant,Normal,Flying,Unova,イッシュ,ケンホロウ
28,522,Blitzle,Electric,,Unova,イッシュ,シママ
29,523,Zebstrika,Electric,,Unova,イッシュ,ゼブライカ
30,524,Roggenrola,Rock,,Unova,イッシュ,ダンゴロ
31,525,Boldore,Rock,,Unova,イッシュ,ガントル
32,526,Gigalith,Rock,,Unova,イッシュ,ギガイアス
33,527,Woobat,Psychic,Flying,Unova,イッシュ,コロモリ
34,528,Swoobat,Psychic,Flying,Unova,イッシュ,ココロモリ
35,529,Drilbur,Ground,,Unova,イッシュ,モグリュー
36,530,Excadrill,Ground,Steel,Unova,イッシュ,ドリュウズ
37,531,Audino,Normal,,Unova,イッシュ,タブンネ
38,532,Timburr,Fighting,,Unova,イッシュ,ドッコラー
39,533,Gurdurr,Fighting,,Unova,イッシュ,ドテッコツ
40,534,Conkeldurr,Fighting,,Unova,イッシュ,ローブシン
41,535,Tympole,Water,,Unova,イッシュ,オタマロ
42,536,Palpitoad,Water,Ground,Unova,イッシュ,ガマガル
43,537,Seismitoad,Water,Ground,Unova,イッシュ,ガマゲロゲ
44,538,Throh,Fighting,,Unova,イッシュ,ナゲキ
45,539,Sawk,Fighting,,Unova,イッシュ,ダゲキ
46,540,Sewaddle,Bug,Grass,Unova,イッシュ,クルミル
47,541,Swadloon,Bug,Grass,Unova,イッシュ,クルマユ
48,542,Leavanny,Bug,Grass,Unova,イッシュ,ハハコモリ
49,543,Venipede,Bug,Poison,Unova,イッシュ,フシデ
50,544,Whirlipede,Bug,Poison,Unova,イッシュ,ホイーガ
51,545,Scolipede,Bug,Poison,Unova,イッシュ,ペンドラー
52,546,Cottonee,Grass,Fairy,Unova,イッシュ,モンメン
53,547,Whimsicott,Grass,Fairy,Unova,イッシュ,エルフーン
54,548,Petilil,Grass,,Unova,イッシュ,チュリネ
55,549,Lilligant,Grass,,Unova,イッシュ,ドレディア
56,550,Basculin,Water,,Unova,イッシュ,バスラオ
57,551,Sandile,Ground,Dark,Unova,イッシュ,メグロコ
58,552,Krokorok,Ground,Dark,Unova,イッシュ,ワルビル
59,553,Krookodile,Ground,Dark,Unova,イッシュ,ワルビアル
60,554,Darumaka,Fire,,Unova,イッシュ,ダルマッカ
61,555,Darmanitan,Fire,,Unova,イッシュ,ヒヒダルマ
62,556,Maractus,Grass,,Unova,イッシュ,マラカッチ
63,557,Dwebble,Bug,Rock,Unova,イッシュ,イシズマイ
64,558,Crustle,Bug,Rock,Unova,イッシュ,イワパレス
65,559,Scraggy,Dark,Fighting,Unova,イッシュ,ズルッグ
66,560,Scrafty,Dark,Fighting,Unova,イッシュ,ズルズキン
67,561,Sigilyph,Psychic,Flying,Unova,イッシュ,シンボラー
68,562,Yamask,Ghost,,Unova,イッシュ,デスマス
69,563,Cofagrigus,Ghost,,Unova,イッシュ,デスカーン
70,564,Tirtouga,Water,Rock,Unova,イッシュ,プロトーガ
71,565,Carracosta,Water,Rock,Unova,イッシュ,アバゴーラ
72,566,Archen,Rock,Flying,Unova,イッシュ,アーケン
73,567,Archeops,Rock,Flying,Unova,イッシュ,アーケオス
74,568,Trubbish,Poison,,Unova,イッシュ,ヤブクロン
75,569,Garbodor,Poison,,Unova,イッシュ,ダストダス
76,570,Zorua,Dark,,Unova,イッシュ,ゾロア
77,571,Zoroark,Dark,,Unova,イッシュ,ゾロアーク
78,572,Minccino,Normal,,Unova,イッシュ,チラーミィ
79,573,Cinccino,Normal,,Unova,イッシュ,チラチーノ
80,574,Gothita,Psychic,,Unova,イッシュ,ゴチム
81,575,Gothorita,Psychic,,Unova,イッシュ,ゴチミル
82,576,Gothitelle,Psychic,,Unova,イッシュ,ゴチルゼル
83,577,Solosis,Psychic,,Unova,イッシュ,ユニラン
84,578,Duosion,Psychic,,Unova,イッシュ,ダブラン
85,579,Reuniclus,Psychic,,Unova,イッシュ,ランクルス
86,580,Ducklett,Water,Flying,Unova,イッシュ,コアルヒー
87,581,Swanna,Water,Flying,Unova,イッシュ,スワンナ
88,582,Vanillite,Ice,,Unova,イッシュ,バニプッチ
89,583,Vanillish,Ice,,Unova,イッシュ,バニリッチ
90,584,Vanilluxe,Ice,,Unova,イッシュ,バイバニラ
91,585,Deerling,Normal,Grass,Unova,イッシュ,シキジカ
92,586,Sawsbuck,Normal,Grass,Unova,イッシュ,メブキジカ
93,587,Emolga,Electric,Flying,Unova,イッシュ,エモンガ
94,588,Karrablast,Bug,,Unova,イッシュ,カブルモ
95,589,Escavalier,Bug,Steel,Unova,イッシュ,シュバルゴ
96,590,Foongus,Grass,Poison,Unova,イッシュ,タマゲタケ
97,591,Amoonguss,Grass,Poison,Unova,イッシュ,モロバレル
98,592,Frillish,Water,Ghost,Unova,イッシュ,プルリル
99,593,Jellicent,Water,Ghost,Unova,イッシュ,ブルンゲル
100,594,Alomomola,Water,,Unova,イッシュ,ママンボウ
101,595,Joltik,Bug,Electric,Unova,イッシュ,バチュル
102,596,Galvantula,Bug,Electric,Unova,イッシュ,デンチュラ
103,597,Ferroseed,Grass,Steel,Unova,イッシュ,テッシード
104,598,Ferrothorn,Grass,Steel,Unova,イッシュ,ナットレイ
105,599,Klink,Steel,,Unova,イッシュ,ギアル
106,600,Klang,Steel,,Unova,イッシュ,ギギアル
107,601,Klinklang,Steel,,Unova,イッシュ,ギギギアル
108,602,Tynamo,Electric,,Unova,イッシュ,シビシラス
109,603,Eelektrik,Electric,,Unova,イッシュ,シビビール
110,604,Eelektross,Electric,,Unova,イッシュ,シビルドン
111,605,Elgyem,Psychic,,Unova,イッシュ,リグレー
112,606,Beheeyem,Psychic,,Unova,イッシュ,オーベム
113,607,Litwick,Ghost,Fire,Unova,イッシュ,ヒトモシ
114,608,Lampent,Ghost,Fire,Unova,イッシュ,ランプラー
115,609,Chandelure,Ghost,Fire,Unova,イッシュ,シャンデラ
116,610,Axew,Dragon,,Unova,イッシュ,キバゴ
117,611,Fraxure,Dragon,,Unova,イッシュ,オノンド
118,612,Haxorus,Dragon,,Unova,イッシュ,オノノクス
119,613,Cubchoo,Ice,,Unova,イッシュ,クマシュン
120,614,Beartic,Ice,,Unova,イッシュ,ツンベアー
121,615,Cryogonal,Ice,,Unova,イッシュ,フリージオ
122,616,Shelmet,Bug,,Unova,イッシュ,チョボマキ
123,617,Accelgor,Bug,,Unova,イッシュ,アギルダー
124,618,Stunfisk,Ground,Electric,Unova,イッシュ,マッギョ
125,619,Mienfoo,Fighting,,Unova,イッシュ,コジョフー
126,620,Mienshao,Fighting,,Unova,イッシュ,コジョンド
127,621,Druddigon,Dragon,,Unova,イッシュ,クリムガン
128,622,Golett,Ground,Ghost,Unova,イッシュ,ゴビット
129,623,Golurk,Ground,Ghost,Unova,イッシュ,ゴルーグ
130,624,Pawniard,Dark,Steel,Unova,イッシュ,コマタナ
131,625,Bisharp,Dark,Steel,Unova,イッシュ,キリキザン
132,626,Bouffalant,Normal,,Unova,イッシュ,バッフロン
133,627,Rufflet,Normal,Flying,Unova,イッシュ,ワシボン
134,628,Braviary,Normal,Flying,Unova,イッシュ,ウォーグル
135,629,Vullaby,Dark,Flying,Unova,イッシュ,バルチャイ
136,630,Mandibuzz,Dark,Flying,Unova,イッシュ,バルジーナ
137,631,Heatmor,Fire,,Unova,イッシュ,クイタラン
138,632,Durant,Bug,Steel,Unova,イッシュ,アイアント
139,633,Deino,Dark,Dragon,Unova,イッシュ,モノズ
140,634,Zweilous,Dark,Dragon,Unova,イッシュ,ジヘッド
141,635,Hydreigon,Dark,Dragon,Unova,イッシュ,サザンドラ
142,636,Larvesta,Bug,Fire,Unova,イッシュ,メラルバ
143,637,Volcarona,Bug,Fire,Unova,イッシュ,ウルガモス
144,638,Cobalion,Steel,Fighting,Unova,イッシュ,コバルオン
145,639,Terrakion,Rock,Fighting,Unova,イッシュ,テラキオン
146,640,Virizion,Grass,Fighting,Unova,イッシュ,ビリジオン
147,641,Tornadus,Flying,,Unova,イッシュ,トルネロス
148,642,Thundurus,Electric,Flying,Unova,イッシュ,ボルトロス
149,643,Reshiram,Dragon,Fire,Unova,イッシュ,レシラム
150,644,Zekrom ,Dragon,Electric,Unova,イッシュ,ゼクロム
151,645,Landorus,Ground,Flying,Unova,イッシュ,ランドロス
152,646,Kyurem,Dragon,Ice,Unova,イッシュ,キュレム
153,647,Keldeo,Water,Fighting,Unova,イッシュ,ケルディオ
154,648,Meloetta,Normal,Psychic,Unova,イッシュ,メロエッタ
155,649,Genesect,Bug,Steel,Unova,イッシュ,ゲノセクト
001Ce,650,Chespin,Grass,,Kalos,カロス,ハリマロン
002Ce,651,Quilladin,Grass,,Kalos,カロス,ハリボーグ
003Ce,652,Chesnaught,Grass,Fighting,Kalos,カロス,ブリガロン
004Ce,653,Fennekin,Fire,,Kalos,カロス,フォッコ
005Ce,654,Braixen,Fire,,Kalos,カロス,テールナー
006Ce,655,Delphox,Fire,Psychic,Kalos,カロス,マフォクシー
007Ce,656,Froakie,Water,,Kalos,カロス,ケロマツ
008Ce,657,Frogadier,Water,,Kalos,カロス,ゲコガシラ
009Ce,658,Greninja,Water,Dark,Kalos,カロス,ゲッコウガ
010Ce,659,Bunnelby,Normal,,Kalos,カロス,ホルビー
011Ce,660,Diggersby,Normal,Ground,Kalos,カロス,ホルード
014Ce,661,Fletchling,Normal,Flying,Kalos,カロス,ヤヤコマ
015Ce,662,Fletchinder,Fire,Flying,Kalos,カロス,ヒノヤコマ
016Ce,663,Talonflame,Fire,Flying,Kalos,カロス,ファイアロー
020Ce,664,Scatterbug,Bug,,Kalos,カロス,コフキムシ
021Ce,665,Spewpa,Bug,,Kalos,カロス,コフーライ
022Ce,666,Vivillon,Bug,Flying,Kalos,カロス,ビビヨン
057Ce,667,Litleo,Fire,Normal,Kalos,カロス,シシコ
058Ce,668,Pyroar,Fire,Normal,Kalos,カロス,カエンジシ
068Ce,669,Flabébé,Fairy,,Kalos,カロス,フラベベ
069Ce,670,Floette,Fairy,,Kalos,カロス,フラエッテ
070Ce,671,Florges,Fairy,,Kalos,カロス,フラージェス
089Ce,672,Skiddo,Grass,,Kalos,カロス,メェークル
090Ce,673,Gogoat,Grass,,Kalos,カロス,ゴーゴート
091Ce,674,Pancham,Fighting,,Kalos,カロス,ヤンチャム
092Ce,675,Pangoro,Fighting,Dark,Kalos,カロス,ゴロンダ
093Ce,676,Furfrou,Normal,,Kalos,カロス,トリミアン
114Ce,677,Espurr,Psychic,,Kalos,カロス,ニャスパー
115Ce,678,Meowstic,Psychic,,Kalos,カロス,ニャオニクス
117Ce,679,Honedge,Steel,Ghost,Kalos,カロス,ヒトツキ
118Ce,680,Doublade,Steel,Ghost,Kalos,カロス,ニダンギル
119Ce,681,Aegislash,Steel,Ghost,Kalos,カロス,ギルガルド
129Ce,682,Spritzee,Fairy,,Kalos,カロス,シュシュプ
130Ce,683,Aromatisse,Fairy,,Kalos,カロス,フレフワン
131Ce,684,Swirlix,Fairy,,Kalos,カロス,ペロッパフ
132Ce,685,Slurpuff,Fairy,,Kalos,カロス,ペロリーム
010Co,686,Inkay,Dark,Psychic,Kalos,カロス,マーイーカ
011Co,687,Malamar,Dark,Psychic,Kalos,カロス,カラマネロ
021Co,688,Binacle,Rock,Water,Kalos,カロス,カメテテ
022Co,689,Barbaracle,Rock,Water,Kalos,カロス,ガメノデス
030Co,690,Skrelp,Poison,Water,Kalos,カロス,クズモー
031Co,691,Dragalge,Poison,Dragon,Kalos,カロス,ドラミドロ
032Co,692,Clauncher,Water,,Kalos,カロス,ウデッポウ
033Co,693,Clawitzer,Water,,Kalos,カロス,ブロスター
046Co,694,Helioptile,Electric,Normal,Kalos,カロス,エリキテル
047Co,695,Heliolisk,Electric,Normal,Kalos,カロス,エレザード
064Co,696,Tyrunt,Rock,Dragon,Kalos,カロス,チゴラス
065Co,697,Tyrantrum,Rock,Dragon,Kalos,カロス,ガチゴラス
066Co,698,Amaura,Rock,Ice,Kalos,カロス,アマルス
067Co,699,Aurorus,Rock,Ice,Kalos,カロス,アマルルガ
085Co,700,Sylveon,Fairy,,Kalos,カロス,ニンフィア
089Co,701,Hawlucha,Fighting,Flying,Kalos,カロス,ルチャブル
110Co,702,Dedenne,Electric,Fairy,Kalos,カロス,デデンネ
124Co,703,Carbink,Rock,Fairy,Kalos,カロス,メレシー
019Mo,704,Goomy,Dragon,,Kalos,カロス,ヌメラ
020Mo,705,Sliggoo,Dragon,,Kalos,カロス,ヌメイル
021Mo,706,Goodra,Dragon,,Kalos,カロス,ヌメルゴン
050Mo,707,Klefki,Steel,Fairy,Kalos,カロス,クレッフィ
061Mo,708,Phantump,Ghost,Grass,Kalos,カロス,ボクレー
062Mo,709,Trevenant,Ghost,Grass,Kalos,カロス,オーロット
063Mo,710,Pumpkaboo,Ghost,Grass,Kalos,カロス,バケッチャ
064Mo,711,Gourgeist,Ghost,Grass,Kalos,カロス,パンプジン
079Mo,712,Bergmite,Ice,,Kalos,カロス,カチコール
080Mo,713,Avalugg,Ice,,Kalos,カロス,クレベース
113Mo,714,Noibat,Flying,Dragon,Kalos,カロス,オンバット
114Mo,715,Noivern,Flying,Dragon,Kalos,カロス,オンバーン
148Mo,716,Xerneas,Fairy,,Kalos,カロス,ゼルネアス
149Mo,717,Yveltal,Dark,Flying,Kalos,カロス,イベルタル
150Mo,718,Zygarde,Dragon,Ground,Kalos,カロス,ジガルデ
151Ce,719,Diancie,Rock,Fairy,Kalos,カロス,ディアンシー
152Ce,720,Hoopa,Psychic,Ghost,Kalos,カロス,フーパ
153Ce,721,Volcanion,Fire,Water,Kalos,カロス,ボルケニオン
1,722,Rowlet,Grass,Flying,Alola,アローラ,モクロー
2,723,Dartrix,Grass,Flying,Alola,アローラ,フクスロー
3,724,Decidueye,Grass,Ghost,Alola,アローラ,ジュナイパー
4,725,Litten,Fire,,Alola,アローラ,ニャビー
5,726,Torracat,Fire,,Alola,アローラ,ニャヒート
6,727,Incineroar,Fire,Dark,Alola,アローラ,ガオガエン
7,728,Popplio,Water,,Alola,アローラ,アシマリ
8,729,Brionne,Water,,Alola,アローラ,オシャマリ
9,730,Primarina,Water,Fairy,Alola,アローラ,アシレーヌ
10,731,Pikipek,Normal,Flying,Alola,アローラ,ツツケラ
11,732,Trumbeak,Normal,Flying,Alola,アローラ,ケララッパ
12,733,Toucannon,Normal,Flying,Alola,アローラ,ドデカバシ
13,734,Yungoos,Normal,,Alola,アローラ,ヤングース
14,735,Gumshoos,Normal,,Alola,アローラ,デカグース
27,736,Grubbin,Bug,,Alola,アローラ,アゴジムシ
28,737,Charjabug,Bug,Electric,Alola,アローラ,デンヂムシ
29,738,Vikavolt,Bug,Electric,Alola,アローラ,クワガノン
59,739,Crabrawler,Fighting,,Alola,アローラ,マケンカニ
60,740,Crabominable,Fighting,Ice,Alola,アローラ,ケケンカニ
82,741,Oricorio,Fire,Flying,Alola,アローラ,オドリドリ 
83,742,Cutiefly,Bug,Fairy,Alola,アローラ,アブリー
84,743,Ribombee,Bug,Fairy,Alola,アローラ,アブリボン
103,744,Rockruff,Rock,,Alola,アローラ,イワンコ
104,745,Lycanroc,Rock,,Alola,アローラ,ルガルガン
110,746,Wishiwashi,Water,,Alola,アローラ,ヨワシ
113,747,Mareanie,Poison,Water,Alola,アローラ,ヒドイデ
114,748,Toxapex,Poison,Water,Alola,アローラ,ドヒドイデ
132,749,Mudbray,Ground,,Alola,アローラ,ドロバンコ
133,750,Mudsdale,Ground,,Alola,アローラ,バンバドロ
141,751,Dewpider,Water,Bug,Alola,アローラ,シズクモ
142,752,Araquanid,Water,Bug,Alola,アローラ,オニシズクモ
143,753,Fomantis,Grass,,Alola,アローラ,カリキリ
144,754,Lurantis,Grass,,Alola,アローラ,ラランテス
145,755,Morelull,Grass,Fairy,Alola,アローラ,ネマシュ
146,756,Shiinotic,Grass,Fairy,Alola,アローラ,マシェード
161,757,Salandit,Poison,Fire,Alola,アローラ,ヤトウモリ
162,758,Salazzle,Poison,Fire,Alola,アローラ,エンニュート
169,759,Stufful,Normal,Fighting,Alola,アローラ,ヌイコグマ
170,760,Bewear,Normal,Fighting,Alola,アローラ,キテルグマ
171,761,Bounsweet,Grass,,Alola,アローラ,アマカジ
172,762,Steenee,Grass,,Alola,アローラ,アママイコ
173,763,Tsareena,Grass,,Alola,アローラ,アマージョ
174,764,Comfey,Fairy,,Alola,アローラ,キュワワー
176,765,Oranguru,Normal,Psychic,Alola,アローラ,ヤレユータン
177,766,Passimian,Fighting,,Alola,アローラ,ナゲツケサル
182,767,Wimpod,Bug,Water,Alola,アローラ,コソクムシ
183,768,Golisopod,Bug,Water,Alola,アローラ,グソクムシャ
186,769,Sandygast,Ghost,Ground,Alola,アローラ,スナバァ
187,770,Palossand,Ghost,Ground,Alola,アローラ,シロデスナ
200,771,Pyukumuku,Water,,Alola,アローラ,ナマコブシ
203,772,Type: Null,Normal,,Alola,アローラ,タイプ：ヌル
204,773,Silvally,Normal,,Alola,アローラ,シルヴァディ
213,774,Minior,Rock,Flying,Alola,アローラ,メテノ
222,775,Komala,Normal,,Alola,アローラ,ネッコアラ
224,776,Turtonator,Fire,Dragon,Alola,アローラ,バクガメス
225,777,Togedemaru,Electric,Steel,Alola,アローラ,トゲデマル
242,778,Mimikyu,Ghost,Fairy,Alola,アローラ,ミミッキュ
243,779,Bruxish,Water,Psychic,Alola,アローラ,ハギギシリ
244,780,Drampa,Normal,Dragon,Alola,アローラ,ジジーロン
263,781,Dhelmise,Ghost,Grass,Alola,アローラ,ダダリン
271,782,Jangmo-o,Dragon,,Alola,アローラ,ジャラコ
272,783,Hakamo-o,Dragon,Fighting,Alola,アローラ,ジャランゴ
273,784,Kommo-o,Dragon,Fighting,Alola,アローラ,ジャラランガ
285,785,Tapu Koko,Electric,Fairy,Alola,アローラ,カプ・コケコ
286,786,Tapu Lele,Psychic,Fairy,Alola,アローラ,カプ・テテフ
287,787,Tapu Bulu,Grass,Fairy,Alola,アローラ,カプ・ブルル
288,788,Tapu Fini,Water,Fairy,Alola,アローラ,カプ・レヒレ
289,789,Cosmog,Psychic,,Alola,アローラ,コスモッグ
290,790,Cosmoem,Psychic,,Alola,アローラ,コスモウム
291,791,Solgaleo,Psychic,Steel,Alola,アローラ,ソルガレオ
292,792,Lunala,Psychic,Ghost,Alola,アローラ,ルナアーラ
293,793,Nihilego,Rock,Poison,Alola,アローラ,ウツロイド
294,794,Buzzwole,Bug,Fighting,Alola,アローラ,マッシブーン
295,795,Pheromosa,Bug,Fighting,Alola,アローラ,フェローチェ
296,796,Xurkitree,Electric,,Alola,アローラ,デンジュモク
297,797,Celesteela,Steel,Flying,Alola,アローラ,テッカグヤ
298,798,Kartana,Grass,Steel,Alola,アローラ,カミツルギ
299,799,Guzzlord,Dark,Dragon,Alola,アローラ,アクジキング
300,800,Necrozma,Psychic,,Alola,アローラ,ネクロズマ
301,801,Magearna,Steel,Fairy,Alola,アローラ,マギアナ
302,802,Marshadow,Fighting,Ghost,Alola,アローラ,マーシャドー
???,803,Poipole,Poison,,Alola,アローラ,ベベノム
???,804,Naganadel,Poison,Dragon,Alola,アローラ,アーゴヨン
???,805,Stakataka,Rock,Steel,Alola,アローラ,ツンデツンデ
???,806,Blacephalon,Fire,Ghost,Alola,アローラ,ズガドーン
???,807,Zeraora,Electric,,Alola,アローラ,ゼラオラ
